Substrate_ID,Uniprot_ID,AA_seq,Substrate
NP_758529.1,None,REEEEQVRAHAPRGNAPPRGKGL,KCNG1
XP_498850.1,None,KKPQEVWTGRLGRQALQEDSSIP,
XP_371575.2,O75400,SELSEGELEKRRRTLLEQLDDDQ,PRPF40A
NP_079196.3,Q8TBM8,KADALSMDNCKELERLTSLYKGG,DNAJB14
XP_211749.1,None,PDVPPISVSLGNVSMTERLKDRV,LOC285047
XP_497790.1,None,EKLINLTDIVKQEKKDETQKLCP,LOC441971
XP_498848.1,None,GSSPGPSQLPPLCKFITTERPQG,
XP_371820.3,Q5T0Z8,TVRPGTRHPISYVCSGAHRKATS,C6orf132
XP_376254.2,Q68DQ2,KTHVIVNQPLEGEETQKWDIEIL,CRYBG3
XP_297816.4,Q2I0M5,RPRKDRKLDRRLDVRPRQPGLQP,RSPO4
NP_775463.1,Q9BWX1,RGRRSYSWRSKGVRITNSCKKSK,PHF7
XP_295058.3,None,LSSALLLAIAGDVSFTGKGRRRQ,
XP_498922.1,None,LPWHGFSLWFLLLCFCSRNLRIQ,
XP_378625.1,None,QGEDSAPSTFLCKKSGSSRRDQG,
XP_372566.1,None,SPSGLVTWHLAIGLHAVFQAAEL,
NP_683881.1,None,PSARRRMKTWYKMRCSRTRAPSG,NSUN5C
XP_499196.1,None,SFADDVLETSTKHSHLQAGRLPL,
XP_373538.2,None,PLAECQNPSRYQSLRTPGRSSHT,
XP_497363.1,None,IHLGEEWDTLNCSNSRTTRNGGA,
XP_374053.1,None,SEAWTLQPVAAAPKAAVDQPWSR,
XP_374138.2,None,GNKELSCGAQGMVARAPFRPCRH,
NP_954644.1,None,HFHTGGLWLSRHRSALSFPSQLS,C21orf123
XP_376189.1,None,GKPEDGKERALRAPVRGPWLRPF,
XP_294592.1,Q5BKX8,VTFKSQVKVEDDESLLLDLKHSS,CAVIN4
XP_496161.1,None,AENQVLAMRKQSEGLTKEYDRLQ,
XP_113962.4,None,KVETTDCPVPPKRMRREATRQNR,
XP_372966.2,None,ESFQTAAKNSNSSPIGPRPPGTQ,
XP_499004.1,None,RSLAQVKIPAPAPGAAAESPEPA,
XP_379234.1,None,VGVLTCHWNGKKNAVVDTSFPCF,
XP_498690.1,None,RVGLTSRRGDREGSRQCGQRAWY,
XP_498394.1,None,GSHASMGVNSMGGMSNMSDMSGG,
XP_496661.1,None,RRLNSLKPRHLLGPDPQLLVTSV,
NP_055392.1,O95696,FDRAMNHLSRVHGEPTSDLSDID,BRD1
XP_291464.3,None,WDASRTSFHPLSAREGRTAPPGT,
XP_378780.1,None,HLCKPTALPAASTASESSGAPYP,
XP_377797.2,None,TDLRADHQPLTEASCVNLTIITL,
NP_775881.1,None,LLDYFQKMKGGLLTLCHLQTRRS,LOC283673
XP_378507.1,None,LSKGREQEGGGARKRKSSGNCHG,
XP_374769.1,Q8NDZ9,GPKAGLRGTQTSDIGVSSRQVRG,LOC439951
XP_498881.1,None,LSSGSPHLGIYYLPPGRSEGFYF,
XP_495863.1,Q7Z2Y8,KGKIPNAWAKITKQDVLEDLKKQ,GVINP1
XP_373497.3,None,SAAATASGGLIFIFALRWLKAFI,
XP_378646.2,None,VAPRGGRKGGTADPTPAVPGFGG,
XP_498492.1,None,GDPSLHGSYFVDGVWRRSAESHQ,
NP_997383.1,None,QPKDLVPCVPATPAMAKRGQGTV,FLJ44955
XP_497840.1,None,QWEKANSIAVPVGIHPASPNPPG,
XP_375665.2,Q96EG3,GRAFSQRSNLNEHRKRHGGRAAP,ZNF837
XP_374787.2,Q5T2Q4,AAKNGSLSADDLIHLQRAKAILF,CCNYL2
XP_370829.2,None,RRGDIEPKQAALLLGRKVHGWGG,
XP_376472.1,Q5VV43,NPKVSMNGSIRNGASFSYCSKDR,KIAA0319
NP_786887.1,None,TFRELIAKEKAFQDHAIKVFQGV,CAGE1
XP_210856.3,None,KDTVWAVAGPPDQDATSLRRRRS,
XP_498341.1,None,GLAFLRGGRENARLGRRGKKTQS,
XP_498865.1,None,ATSTLQPVESGSGIMQSTKRSTL,
NP_775941.1,None,ATATNKASIPSFFPLPTQLSKDV,RGMB
NP_006783.2,None,NSATLFSASDYEVALPEYHRKAV,MORF4
XP_496502.1,None,GGLPERKRRRGPASSHCQLTLSS,
XP_211853.1,P0DN24,LKDSGSRNPCPSAPTWARPKPEE,C3orf86
XP_497659.1,None,KPAGSCSFWEPKSVSREDPAHGA,
XP_371844.1,Q9H0U9,RRARRRPLREPVEIPRPFGFQSG,TSPYL1
XP_498999.1,None,CYLSGHQPQNNNSPELQVKVRIQ,
XP_208312.3,None,QPPPRRSGALGTPRPSTGVRKYS,
XP_495848.1,Q2QD12,PRSVINLLRNICSEAAQKRSLDR,RPEL1
NP_722544.1,None,AGIATTGTEGERGGIRSPGTAGC,PSMD4
XP_373349.2,None,GVRAIASCTTGASAMASRKHKSG,
NP_001007547.1,None,PLPPPPGVAGCGQNRSPNRAAGE,FLJ46838
NP_065113.2,None,NSSDSIYIETEEKAVGTRRRRYS,CASC5
XP_379258.1,None,HECQRDQVPIRETEMEKKSRAKV,
NP_001009956.1,None,SECLSPEPQFVQDTDMEQGLTGG,ZNF655
NP_620585.2,None,PLGFRVSSGKRLAGEPRPRPSLG,LOC128439
XP_498632.1,None,ESPRKVSPWKERPKGVDNLALEP,
NP_705903.1,None,GSTGIRDVHLELKDLTLCGRKDR,PANK2